id,name,expression,filename,status,target_width,target_height
C01,Adrian Keene,neutral,c01-adrian-neutral.png,master supplied; game export pending,128,160
C01,Adrian Keene,attentive,c01-adrian-attentive.png,master supplied; game export pending,128,160
C01,Adrian Keene,amused,c01-adrian-amused.png,master supplied; game export pending,128,160
C01,Adrian Keene,tense,c01-adrian-tense.png,master supplied; game export pending,128,160
C01,Adrian Keene,hurt,c01-adrian-hurt.png,master supplied; game export pending,128,160
C01,Adrian Keene,warm,c01-adrian-warm.png,master supplied; game export pending,128,160
C02,Micah Serrano,neutral,c02-micah-neutral.png,master supplied; game export pending,128,160
C02,Micah Serrano,attentive,c02-micah-attentive.png,master supplied; game export pending,128,160
C02,Micah Serrano,amused,c02-micah-amused.png,master supplied; game export pending,128,160
C02,Micah Serrano,tense,c02-micah-tense.png,master supplied; game export pending,128,160
C02,Micah Serrano,hurt,c02-micah-hurt.png,master supplied; game export pending,128,160
C02,Micah Serrano,warm,c02-micah-warm.png,master supplied; game export pending,128,160
C03,Ellis Okafor,neutral,c03-ellis-neutral.png,master supplied; game export pending,128,160
C03,Ellis Okafor,attentive,c03-ellis-attentive.png,master supplied; game export pending,128,160
C03,Ellis Okafor,amused,c03-ellis-amused.png,master supplied; game export pending,128,160
C03,Ellis Okafor,tense,c03-ellis-tense.png,master supplied; game export pending,128,160
C03,Ellis Okafor,hurt,c03-ellis-hurt.png,master supplied; game export pending,128,160
C03,Ellis Okafor,warm,c03-ellis-warm.png,master supplied; game export pending,128,160
C04,Dominic Bell,neutral,c04-dominic-neutral.png,master supplied; game export pending,128,160
C04,Dominic Bell,attentive,c04-dominic-attentive.png,master supplied; game export pending,128,160
C04,Dominic Bell,amused,c04-dominic-amused.png,master supplied; game export pending,128,160
C04,Dominic Bell,tense,c04-dominic-tense.png,master supplied; game export pending,128,160
C04,Dominic Bell,hurt,c04-dominic-hurt.png,master supplied; game export pending,128,160
C04,Dominic Bell,warm,c04-dominic-warm.png,master supplied; game export pending,128,160
C05,Nolan Voss,neutral,c05-nolan-neutral.png,master supplied; game export pending,128,160
C05,Nolan Voss,attentive,c05-nolan-attentive.png,master supplied; game export pending,128,160
C05,Nolan Voss,amused,c05-nolan-amused.png,master supplied; game export pending,128,160
C05,Nolan Voss,tense,c05-nolan-tense.png,master supplied; game export pending,128,160
C05,Nolan Voss,hurt,c05-nolan-hurt.png,master supplied; game export pending,128,160
C05,Nolan Voss,warm,c05-nolan-warm.png,master supplied; game export pending,128,160
C06,Ansel Marr,neutral,c06-ansel-neutral.png,master supplied; game export pending,128,160
C06,Ansel Marr,attentive,c06-ansel-attentive.png,master supplied; game export pending,128,160
C06,Ansel Marr,amused,c06-ansel-amused.png,master supplied; game export pending,128,160
C06,Ansel Marr,tense,c06-ansel-tense.png,master supplied; game export pending,128,160
C06,Ansel Marr,hurt,c06-ansel-hurt.png,master supplied; game export pending,128,160
C06,Ansel Marr,warm,c06-ansel-warm.png,master supplied; game export pending,128,160
C07,Quentin Shaw,neutral,c07-quentin-neutral.png,master supplied; game export pending,128,160
C07,Quentin Shaw,attentive,c07-quentin-attentive.png,master supplied; game export pending,128,160
C07,Quentin Shaw,amused,c07-quentin-amused.png,master supplied; game export pending,128,160
C07,Quentin Shaw,tense,c07-quentin-tense.png,master supplied; game export pending,128,160
C07,Quentin Shaw,hurt,c07-quentin-hurt.png,master supplied; game export pending,128,160
C07,Quentin Shaw,warm,c07-quentin-warm.png,master supplied; game export pending,128,160
C08,Reuben Pike,neutral,c08-reuben-neutral.png,master supplied; game export pending,128,160
C08,Reuben Pike,attentive,c08-reuben-attentive.png,master supplied; game export pending,128,160
C08,Reuben Pike,amused,c08-reuben-amused.png,master supplied; game export pending,128,160
C08,Reuben Pike,tense,c08-reuben-tense.png,master supplied; game export pending,128,160
C08,Reuben Pike,hurt,c08-reuben-hurt.png,master supplied; game export pending,128,160
C08,Reuben Pike,warm,c08-reuben-warm.png,master supplied; game export pending,128,160
C09,Will Avery,neutral,c09-will-neutral.png,master supplied; game export pending,128,160
C09,Will Avery,amused,c09-will-amused.png,master supplied; game export pending,128,160
C10,Martin Avery,neutral,c10-martin-neutral.png,master supplied; game export pending,128,160
C10,Martin Avery,tense,c10-martin-tense.png,master supplied; game export pending,128,160
C11,Peter Laird,neutral,c11-peter-neutral.png,master supplied; game export pending,128,160
C11,Peter Laird,amused,c11-peter-amused.png,master supplied; game export pending,128,160
C12,Owen Price,neutral,c12-owen-neutral.png,master supplied; game export pending,128,160
C13,Nabil Haddad,neutral,c13-nabil-neutral.png,master supplied; game export pending,128,160
C13,Nabil Haddad,amused,c13-nabil-amused.png,master supplied; game export pending,128,160
C14,Russell Dacre,neutral,c14-russell-neutral.png,master supplied; game export pending,128,160
C15,Benoît Marchand,neutral,c15-benoit-neutral.png,master supplied; game export pending,128,160
C15,Benoît Marchand,warm,c15-benoit-warm.png,master supplied; game export pending,128,160
C16,Gareth Moss,neutral,c16-gareth-neutral.png,master supplied; game export pending,128,160
C17,Victor Keene,neutral,c17-victor-neutral.png,master supplied; game export pending,128,160
C17,Victor Keene,tense,c17-victor-tense.png,master supplied; game export pending,128,160
C18,Patrick Orrell,neutral,c18-orrell-neutral.png,master supplied; game export pending,128,160
C18,Patrick Orrell,tense,c18-orrell-tense.png,master supplied; game export pending,128,160
C19,Simeon Rusk,neutral,c19-simeon-neutral.png,master supplied; game export pending,128,160
C20,Darius Chen,neutral,c20-darius-neutral.png,master supplied; game export pending,128,160
C20,Darius Chen,amused,c20-darius-amused.png,master supplied; game export pending,128,160
C21,Emmett Hsu,neutral,c21-emmett-neutral.png,master supplied; game export pending,128,160
C22,Florian Adebayo,neutral,c22-florian-neutral.png,master supplied; game export pending,128,160
C23,Kenji Sato,neutral,c23-kenji-neutral.png,master supplied; game export pending,128,160
C24,Malcolm Tait,neutral,c24-malcolm-neutral.png,master supplied; game export pending,128,160
C24,Malcolm Tait,warm,c24-malcolm-warm.png,master supplied; game export pending,128,160
C25,Ernesto Serrano,neutral,c25-ernesto-neutral.png,master supplied; game export pending,128,160
C25,Ernesto Serrano,warm,c25-ernesto-warm.png,master supplied; game export pending,128,160
C26,Leandro Serrano,neutral,c26-leandro-neutral.png,master supplied; game export pending,128,160
C27,Tomas Rivas,neutral,c27-tomas-neutral.png,master supplied; game export pending,128,160
C28,Pavel Kolar,neutral,c28-pavel-neutral.png,master supplied; game export pending,128,160
C29,Wesley Dent,neutral,c29-wesley-neutral.png,master supplied; game export pending,128,160
C30,Otis Lyle,neutral,c30-otis-neutral.png,master supplied; game export pending,128,160
C30,Otis Lyle,warm,c30-otis-warm.png,master supplied; game export pending,128,160
C31,Lucien Arnaud,neutral,c31-lucien-neutral.png,master supplied; game export pending,128,160
C31,Lucien Arnaud,amused,c31-lucien-amused.png,master supplied; game export pending,128,160
C32,Gideon Shaw,neutral,c32-gideon-neutral.png,master supplied; game export pending,128,160
C32,Gideon Shaw,tense,c32-gideon-tense.png,master supplied; game export pending,128,160
C33,Rafi Bensaïd,neutral,c33-rafi-neutral.png,master supplied; game export pending,128,160
C33,Rafi Bensaïd,amused,c33-rafi-amused.png,master supplied; game export pending,128,160
C34,Sylvester Page,neutral,c34-sylvester-neutral.png,master supplied; game export pending,128,160
C35,Milo Finch,neutral,c35-milo-neutral.png,master supplied; game export pending,128,160
C36,Abel Mercer,neutral,c36-abel-neutral.png,master supplied; game export pending,128,160
C37,Chukwudi Okafor,neutral,c37-chukwudi-neutral.png,master supplied; game export pending,128,160
C37,Chukwudi Okafor,warm,c37-chukwudi-warm.png,master supplied; game export pending,128,160
C38,Isaac Okafor,neutral,c38-isaac-neutral.png,master supplied; game export pending,128,160
C39,August Rell,neutral,c39-august-neutral.png,master supplied; game export pending,128,160
C40,Caspar Neri,neutral,c40-caspar-neutral.png,master supplied; game export pending,128,160
C41,Basil Duret,neutral,c41-basil-neutral.png,master supplied; game export pending,128,160
C42,Ilyas Qureshi,neutral,c42-ilyas-neutral.png,master supplied; game export pending,128,160
C43,Jonah Peake,neutral,c43-jonah-neutral.png,master supplied; game export pending,128,160
C44,Armand Sorrell,neutral,c44-armand-neutral.png,master supplied; game export pending,128,160
C44,Armand Sorrell,hurt,c44-armand-hurt.png,master supplied; game export pending,128,160
C45,Severin Marr,neutral,c45-severin-neutral.png,master supplied; game export pending,128,160
C45,Severin Marr,tense,c45-severin-tense.png,master supplied; game export pending,128,160
C46,Harlan Greaves,neutral,c46-harlan-neutral.png,master supplied; game export pending,128,160
C47,Lucan Verre,neutral,c47-lucan-neutral.png,master supplied; game export pending,128,160
C48,Percival Tern,neutral,c48-percival-neutral.png,master supplied; game export pending,128,160
C49,Eamon Kerr,neutral,c49-eamon-neutral.png,master supplied; game export pending,128,160
C50,Oswin Deller,neutral,c50-oswin-neutral.png,master supplied; game export pending,128,160
C51,Silas Fenwick,neutral,c51-silas-neutral.png,master supplied; game export pending,128,160
C51,Silas Fenwick,amused,c51-silas-amused.png,master supplied; game export pending,128,160
C52,Felix Brecht,neutral,c52-felix-neutral.png,master supplied; game export pending,128,160
C52,Felix Brecht,tense,c52-felix-tense.png,master supplied; game export pending,128,160
C53,Graham Bell,neutral,c53-graham-neutral.png,master supplied; game export pending,128,160
C54,Desmond Aster,neutral,c54-desmond-neutral.png,master supplied; game export pending,128,160
C54,Desmond Aster,tense,c54-desmond-tense.png,master supplied; game export pending,128,160
C55,Soren Venn,neutral,c55-soren-neutral.png,master supplied; game export pending,128,160
C56,Damian Holt,neutral,c56-damian-neutral.png,master supplied; game export pending,128,160
C56,Damian Holt,warm,c56-damian-warm.png,master supplied; game export pending,128,160
C57,Hugo Naranjo,neutral,c57-hugo-neutral.png,master supplied; game export pending,128,160
C58,Clive Merritt,neutral,c58-clive-neutral.png,master supplied; game export pending,128,160
C02,Micah Serrano,moon,c02-micah-moon.png,master supplied; game export pending,128,160
C04,Dominic Bell,hungry,c04-dominic-hungry.png,master supplied; game export pending,128,160
C07,Quentin Shaw,returned,c07-quentin-returned.png,master supplied; game export pending,128,160
MC,Player character,neutral,mc-neutral-porcelain.png,master supplied; game export pending,128,160
MC,Player character,neutral,mc-neutral-fair.png,master supplied; game export pending,128,160
MC,Player character,neutral,mc-neutral-olive.png,master supplied; game export pending,128,160
MC,Player character,neutral,mc-neutral-tan.png,master supplied; game export pending,128,160
MC,Player character,neutral,mc-neutral-brown.png,master supplied; game export pending,128,160
MC,Player character,neutral,mc-neutral-deep.png,master supplied; game export pending,128,160
